# {"t_start": 1680454745.381784, "env_id": "CarnivalNoFrameskip-v4"} 
r,l,t
1140.0,396,12.094394
500.0,376,19.388705
560.0,428,27.11002
720.0,410,34.726216
420.0,359,41.278878
500.0,387,48.688038
440.0,400,56.442303
880.0,370,64.025795
740.0,446,75.691346
300.0,368,85.548957
840.0,743,105.820293
520.0,438,117.95978
800.0,456,130.822398
700.0,417,142.811534
1260.0,446,250.018542
460.0,426,259.424907
440.0,427,268.65906
840.0,443,278.155917
1040.0,450,287.893076
640.0,385,297.286373
440.0,421,307.334725
500.0,415,317.310733
440.0,399,326.996376
660.0,394,336.386819
360.0,407,345.897339
300.0,390,355.412994
740.0,389,364.657724
680.0,418,374.786006
740.0,415,385.398298
480.0,325,393.901754
420.0,357,494.584246
440.0,405,503.835229
1300.0,425,514.297717
500.0,380,524.253364
680.0,362,533.913503
480.0,415,544.783734
660.0,400,555.82786
1140.0,410,567.129872
660.0,456,580.099353
380.0,411,591.48089
880.0,343,601.034579
600.0,399,612.2598
1980.0,492,625.083107
740.0,404,635.63762
620.0,416,645.945808
480.0,377,725.590591
1480.0,374,735.21933
2020.0,420,746.417062
1480.0,407,757.075742
360.0,411,767.961205
620.0,392,778.265341
760.0,412,789.154557
880.0,421,800.380049
520.0,379,810.158218
480.0,291,817.351259
1340.0,450,828.825156
840.0,366,838.479983
2620.0,399,848.594706
1460.0,401,859.067548
1680.0,360,868.131823
1680.0,420,878.339219
3080.0,414,948.29
1480.0,395,958.256511
1540.0,395,968.919528
2840.0,430,980.976499
2680.0,423,992.737891
2740.0,413,1003.510082
2100.0,445,1014.081409
2480.0,425,1024.757499
900.0,420,1035.201009
3180.0,375,1044.672655
2640.0,405,1054.335386
2760.0,425,1065.031463
1460.0,393,1075.147686
3900.0,316,1083.185486
1940.0,405,1093.508291
2680.0,409,1103.824018
1740.0,405,1157.905522
3340.0,415,1166.92832
2100.0,406,1175.936399
2140.0,416,1185.26857
2100.0,300,1192.295091
1680.0,374,1201.249933
2740.0,355,1209.908315
1140.0,305,1217.957208
2740.0,426,1229.298011
3160.0,323,1237.905463
2740.0,417,1248.682099
2700.0,420,1259.567962
3300.0,423,1270.866314
2740.0,430,1281.951524
3940.0,386,1292.502858
3280.0,409,1303.029864
3280.0,351,1364.08568
2100.0,406,1373.569461
2540.0,380,1382.09107
3200.0,347,1389.710374
3940.0,413,1398.822122
3880.0,390,1408.279348
2660.0,376,1417.38445
2140.0,400,1427.22613
3340.0,402,1437.145349
3280.0,405,1446.887556
4190.0,272,1453.385298
4480.0,370,1461.601962
2740.0,401,1470.587942
4420.0,417,1480.076775
3280.0,401,1489.36659
3800.0,431,1499.049763
3300.0,425,1541.881992
2080.0,419,1551.412786
2340.0,410,1560.161721
2140.0,402,1568.954937
3340.0,376,1577.189333
2740.0,380,1586.095091
2660.0,391,1595.704885
3860.0,401,1605.636886
3940.0,304,1613.643816
2740.0,424,1624.795623
3100.0,411,1635.691983
2890.0,298,1643.365075
3200.0,318,1651.555407
1480.0,411,1661.983788
2140.0,367,1671.254069
3340.0,417,1681.670691
1940.0,292,1688.860878
2700.0,412,1740.957095
2740.0,395,1750.418782
2680.0,419,1760.458076
3280.0,422,1770.169605
3340.0,386,1778.08324
3800.0,418,1786.593059
3860.0,386,1794.520504
2160.0,418,1802.58375
2240.0,398,1810.440894
2680.0,417,1818.419077
3300.0,410,1826.519779
3880.0,427,1835.394009
2100.0,416,1844.432387
2740.0,417,1853.439276
1100.0,300,1859.9914
1020.0,370,1914.306595
980.0,437,1924.442196
2740.0,412,1933.977406
3180.0,434,1944.27741
2740.0,417,1954.902298
3880.0,415,1965.769019
1000.0,392,1975.966062
3200.0,410,1984.940079
2620.0,387,1994.074059
2740.0,377,2003.076286
2680.0,386,2012.403748
3280.0,352,2020.797156
2020.0,425,2030.811483
3340.0,412,2040.771791
4540.0,370,2049.890833
2680.0,437,2061.374912
3820.0,436,2165.293925
4480.0,387,2174.515533
3340.0,395,2184.127003
3240.0,400,2193.737144
3280.0,419,2203.195319
2740.0,411,2212.177284
1140.0,422,2221.549571
3260.0,390,2230.452878
2740.0,383,2239.130563
2740.0,356,2247.125636
3280.0,421,2256.86738
2680.0,404,2266.14521
3420.0,456,2277.41164
1980.0,428,2288.348731
2720.0,393,2298.476788
3940.0,413,2373.734612
3300.0,400,2385.288542
3340.0,417,2397.355997
2740.0,412,2408.809864
2140.0,423,2420.085984
3300.0,423,2430.758204
3280.0,400,2440.137213
2700.0,401,2449.630995
2740.0,396,2459.15983
4590.0,291,2466.164077
4460.0,423,2476.534
2740.0,397,2486.293746
3880.0,419,2496.633164
3340.0,456,2507.801927
3880.0,422,2518.010387
2620.0,384,2527.599543
2140.0,416,2585.190161
3280.0,411,2596.269387
2700.0,375,2606.388852
2640.0,394,2616.826141
3940.0,372,2626.535755
1540.0,414,2637.338958
3340.0,415,2648.208424
3690.0,233,2654.534384
2640.0,429,2665.381389
3940.0,420,2675.437521
3280.0,400,2684.718558
3220.0,421,2694.295444
2140.0,388,2703.057489
3940.0,424,2712.519072
3940.0,409,2721.764154
3340.0,412,2731.535102
2680.0,414,2787.553175
3300.0,395,2798.95265
4500.0,309,2807.971223
2740.0,401,2819.55336
3280.0,419,2831.454959
3300.0,419,2843.063241
3280.0,390,2853.940299
3160.0,384,2864.509846
3300.0,401,2875.462998
2680.0,414,2886.293879
3220.0,377,2896.135161
3340.0,411,2907.265188
4520.0,417,2917.604548
3280.0,409,2927.059639
3260.0,306,2934.095413
2740.0,428,2944.182426
3220.0,384,2999.018457
4480.0,405,3009.955568
2740.0,386,3020.379337
4540.0,404,3030.892473
3280.0,409,3041.530999
3220.0,405,3051.89429
2040.0,455,3063.251488
2680.0,400,3073.224426
3880.0,405,3083.340153
3280.0,396,3093.037263
3240.0,415,3103.072129
2740.0,405,3113.037129
3340.0,395,3122.917039
2990.0,291,3130.463828
3340.0,358,3139.624761
2700.0,405,3149.965498
3340.0,412,3208.741662
3240.0,400,3219.385329
2720.0,411,3230.458767
3220.0,414,3241.572273
4540.0,422,3252.732464
3340.0,416,3263.655208
3340.0,304,3271.678369
3240.0,304,3279.695188
3860.0,415,3290.919791
3940.0,390,3301.687267
3280.0,409,3312.981879
3340.0,392,3324.129523
3220.0,404,3335.877604
3300.0,407,3346.839191
4540.0,422,3358.338382
3340.0,411,3414.200829
2560.0,316,3421.665607
2740.0,397,3431.139421
3990.0,293,3438.027505
3340.0,351,3445.69182
3300.0,410,3454.632781
3880.0,412,3463.520799
4240.0,275,3469.760845
4540.0,405,3479.896631
3300.0,400,3489.943783
4040.0,288,3497.171753
3280.0,371,3506.488902
3390.0,296,3513.817982
3160.0,419,3524.128588
2880.0,362,3533.229864
2740.0,430,3543.907181
4000.0,414,3554.219331
3300.0,399,3564.456306
4540.0,391,3621.064544
3280.0,366,3630.029279
3280.0,405,3639.865914
2660.0,414,3649.767353
3940.0,364,3659.319181
2740.0,441,3671.074345
3840.0,421,3682.28608
4990.0,255,3689.034352
3690.0,235,3695.211567
2680.0,405,3705.777932
3380.0,474,3718.348036
3880.0,431,3730.502661
3280.0,349,3740.444013
3940.0,414,3751.841771
3340.0,338,3760.685475
2680.0,384,3770.799418
3900.0,327,3815.477759
3300.0,405,3825.681183
3280.0,415,3836.476748
2700.0,393,3846.725743
4590.0,289,3854.109267
3540.0,280,3861.212508
3940.0,403,3871.722925
3300.0,368,3880.495102
3480.0,416,3890.35718
4920.0,364,3898.96217
3760.0,356,3906.886375
2900.0,391,3915.743464
3860.0,368,3924.055158
3180.0,347,3931.949864
2320.0,367,3940.746607
1540.0,297,3947.77719
4440.0,374,3956.784502
3800.0,395,4019.580274
3460.0,467,4032.967957
4400.0,362,4043.595231
2680.0,384,4054.877468
3040.0,345,4064.924311
3220.0,361,4075.452993
4040.0,292,4084.130021
4260.0,496,4098.476092
2140.0,414,4109.238938
3040.0,243,4115.487254
3560.0,431,4126.645805
4290.0,238,4132.770084
3140.0,436,4144.042948
3340.0,416,4154.317125
3940.0,352,4162.543764
4390.0,370,4170.865408
3500.0,386,4179.485662
3820.0,364,4228.819304
3690.0,233,4234.577735
4490.0,350,4243.255143
3690.0,237,4249.199376
2140.0,417,4259.674082
3120.0,365,4268.810689
2900.0,432,4279.741086
3390.0,289,4287.168066
4840.0,263,4293.634525
3640.0,272,4300.34754
3410.0,325,4308.322896
4040.0,457,4319.708348
3290.0,364,4328.622099
3280.0,382,4337.17305
4840.0,267,4343.136702
2740.0,420,4352.702312
2800.0,422,4362.603224
3940.0,417,4372.804015
4590.0,287,4414.733242
2880.0,366,4425.113767
3280.0,385,4435.966607
3990.0,366,4446.466699
2800.0,490,4460.183741
3390.0,291,4468.18514
3890.0,367,4478.162988
2890.0,285,4485.88242
3440.0,373,4495.783568
3580.0,425,4506.905799
3340.0,416,4517.980511
4020.0,430,4529.400948
4290.0,384,4539.813524
3400.0,361,4549.551558
4140.0,371,4560.045966
2740.0,384,4570.79557
2740.0,410,4582.055314
3390.0,292,4646.141247
3640.0,260,4652.507696
3040.0,248,4658.187465
4040.0,296,4665.03125
3180.0,432,4675.449417
3360.0,493,4687.013521
3990.0,298,4693.906056
3480.0,415,4703.830723
3920.0,355,4712.176044
4340.0,268,4718.987131
3990.0,292,4726.457495
3640.0,272,4733.474307
2320.0,427,4744.515497
4540.0,290,4752.260043
4120.0,439,4764.124385
3640.0,377,4774.275258
3590.0,258,4781.010056
3940.0,296,4788.628939
4240.0,240,4794.671109
3620.0,487,4843.094981
3690.0,240,4849.025171
3580.0,387,4858.340688
4040.0,296,4865.329957
3640.0,362,4873.895319
4490.0,231,4879.830095
4640.0,295,4887.582175
3740.0,261,4894.201669
3720.0,454,4906.214176
3040.0,379,4916.497124
4540.0,402,4927.506439
2920.0,434,4939.301868
3640.0,271,4946.589761
3860.0,353,4956.298063
3540.0,272,4963.60362
3440.0,288,4971.309861
4640.0,276,4978.80885
3340.0,341,4988.318755
3640.0,240,4995.094056
3740.0,253,5041.361046
3000.0,415,5050.621306
3600.0,363,5058.827634
4940.0,252,5064.519886
3500.0,445,5075.014063
3520.0,361,5083.464985
2220.0,503,5095.571242
4090.0,363,5104.135386
4790.0,260,5110.252718
3040.0,472,5122.521786
3680.0,366,5131.939943
3090.0,247,5138.279668
1340.0,383,5148.111293
4390.0,378,5157.998994
4240.0,232,5164.011047
3080.0,425,5175.050566
3840.0,240,5181.303149
4240.0,238,5187.27108
4190.0,257,5193.606241
2500.0,361,5243.780239
3890.0,363,5253.580899
2790.0,288,5261.443332
3860.0,316,5270.002458
3640.0,253,5276.437625
3940.0,295,5283.982089
3690.0,240,5290.135528
4240.0,253,5296.704679
4290.0,236,5302.759473
3040.0,431,5313.77577
3340.0,384,5323.840215
4180.0,407,5334.124507
4690.0,278,5341.064743
4840.0,234,5346.751061
4140.0,294,5354.11152
3990.0,287,5361.198446
3820.0,443,5372.586115
4090.0,269,5379.914225
3280.0,396,5390.331583
3600.0,387,5432.098782
3660.0,321,5440.095457
4890.0,243,5446.121914
3690.0,245,5452.480206
4180.0,364,5461.925523
4190.0,256,5468.83867
3690.0,254,5475.602448
4790.0,253,5482.294948
4290.0,258,5489.254367
4240.0,293,5496.974753
4240.0,249,5503.629453
3600.0,504,5517.117031
3990.0,300,5525.248447
3640.0,242,5531.230673
3920.0,431,5541.293128
3740.0,230,5546.639731
4340.0,237,5552.119896
3460.0,326,5559.620242
3790.0,254,5565.257306
3780.0,416,5574.556631
4440.0,235,5579.406516
3840.0,235,5584.327858
3690.0,236,5618.619273
4240.0,247,5624.609094
3640.0,288,5631.707152
2900.0,364,5640.750885
3690.0,245,5647.011522
3840.0,237,5653.451223
3690.0,245,5659.945374
3000.0,379,5670.238658
4290.0,259,5677.344278
3320.0,409,5688.773274
4290.0,239,5695.419486
2680.0,421,5707.250573
3060.0,361,5717.371056
3690.0,265,5724.686688
3500.0,397,5735.810832
3740.0,231,5742.224279
4040.0,294,5750.424307
3260.0,449,5762.044752
3240.0,471,5774.247472
3640.0,238,5780.197143
4290.0,235,5811.51485
4290.0,240,5817.549809
4340.0,233,5823.331339
4290.0,241,5828.52842
4490.0,239,5833.796644
3740.0,243,5839.180738
3790.0,248,5845.302055
3890.0,235,5851.254673
3180.0,428,5862.421097
3000.0,383,5872.274508
4240.0,248,5878.592487
4290.0,244,5884.619302
3000.0,466,5896.012263
3840.0,237,5901.926316
3740.0,233,5907.714575
3690.0,236,5913.649576
3590.0,263,5920.174202
4040.0,293,5927.89418
4240.0,232,5934.033756
2940.0,425,5945.186692
4640.0,294,5952.791145
4240.0,250,5958.918816
4290.0,242,5989.020278
3490.0,275,5995.353346
4240.0,256,6000.619529
4290.0,242,6005.593737
3690.0,242,6010.845329
3200.0,440,6020.515043
3090.0,262,6026.396719
4290.0,258,6032.231104
3840.0,243,6037.943145
4340.0,237,6043.556322
4290.0,242,6049.362793
4240.0,254,6055.187931
4210.0,321,6063.548558
3810.0,325,6072.579199
3840.0,247,6079.442746
3960.0,330,6088.591325
3690.0,250,6095.444175
3060.0,466,6108.909818
3690.0,247,6115.917878
3740.0,256,6123.267555
3840.0,239,6130.225839
3840.0,238,6137.156419
4290.0,241,6144.160661
4290.0,243,6178.854403
3690.0,240,6185.711334
3600.0,441,6198.439983
3690.0,240,6205.460875
4340.0,231,6212.16624
3740.0,233,6218.815772
2860.0,328,6228.344175
4340.0,258,6235.289557
3760.0,325,6243.602804
4290.0,240,6249.198666
3740.0,236,6254.969881
3740.0,235,6260.55729
4690.0,279,6267.164823
4090.0,293,6274.099763
3690.0,245,6279.646533
4240.0,249,6285.397768
4040.0,297,6292.204863
3880.0,470,6302.848257
3840.0,235,6308.27782
3690.0,241,6313.775744
3000.0,480,6325.510977
4290.0,241,6331.636725
4240.0,250,6364.884892
4290.0,241,6370.693523
3840.0,239,6376.510506
4290.0,240,6382.201816
4410.0,321,6389.891805
4340.0,235,6395.531886
4560.0,424,6405.811422
4240.0,247,6411.961811
4290.0,240,6418.198173
3690.0,240,6424.437043
4290.0,243,6430.81281
3890.0,232,6436.891884
3690.0,256,6443.649123
4440.0,243,6449.993396
3640.0,256,6456.956778
4190.0,258,6463.846197
4540.0,294,6471.606092
4140.0,268,6478.243942
3440.0,373,6487.816772
3190.0,261,6494.81403
3790.0,245,6501.394353
3240.0,387,6511.76455
2940.0,293,6519.793504
4290.0,242,6552.253312
3840.0,251,6558.587759
4340.0,229,6564.640917
3590.0,293,6572.781676
4290.0,236,6579.294949
2900.0,381,6589.596109
4290.0,237,6596.139513
3690.0,388,6606.815844
3840.0,242,6613.507902
3740.0,232,6619.91834
4190.0,257,6627.088731
4290.0,238,6633.646965
3640.0,256,6640.709411
3740.0,229,6647.039507
3090.0,294,6655.049067
3640.0,251,6661.814384
3790.0,235,6667.930655
4240.0,252,6674.476795
3590.0,298,6682.329295
3840.0,238,6688.546413
3300.0,430,6699.703048
3740.0,237,6705.862073
3890.0,234,6711.912908
4190.0,298,6719.358319
4290.0,243,6753.888521
4290.0,245,6759.436393
3420.0,444,6768.977673
4790.0,258,6774.697873
4190.0,257,6780.565559
4290.0,240,6785.927991
3690.0,242,6791.502439
3590.0,251,6797.177117
5340.0,295,6804.687732
2540.0,374,6814.444828
4290.0,240,6820.718036
4790.0,292,6828.401924
4290.0,241,6834.624796
4240.0,246,6841.164954
4290.0,234,6847.389968
3790.0,240,6853.620228
4290.0,241,6859.909337
3740.0,228,6865.847717
3690.0,229,6871.986407
4290.0,235,6878.395352
4290.0,239,6884.873493
3540.0,262,6891.805089
3540.0,278,6899.103307
4290.0,239,6905.592193
3300.0,423,6946.385859
4290.0,240,6953.184743
4240.0,251,6960.419709
4190.0,257,6967.301202
3690.0,236,6973.523537
4240.0,248,6980.059566
4290.0,243,6986.567385
4140.0,274,6993.424066
3840.0,241,6999.420807
4240.0,247,7005.536533
4290.0,244,7011.643449
4290.0,238,7017.54035
4090.0,295,7024.96168
4290.0,243,7031.28212
3640.0,265,7038.63577
4440.0,240,7045.200725
3690.0,236,7051.794267
4500.0,415,7063.163629
3640.0,247,7069.697539
4290.0,242,7075.995496
3840.0,244,7081.864192
3290.0,372,7090.878788
3640.0,297,7098.047686
3840.0,240,7131.586642
4290.0,241,7137.944074
4340.0,226,7143.872704
4290.0,240,7150.098155
3840.0,236,7156.040746
4290.0,244,7162.214397
4290.0,239,7168.488437
4290.0,240,7174.87136
4240.0,252,7181.71078
4290.0,241,7187.734772
4090.0,295,7195.030172
4140.0,267,7201.317873
4340.0,230,7206.568204
3590.0,254,7212.436639
4290.0,243,7218.21438
4340.0,231,7223.734614
4340.0,230,7229.159061
3740.0,230,7234.796014
4290.0,238,7240.433189
4240.0,280,7246.704667
4290.0,236,7252.006996
4340.0,230,7257.310879
3790.0,243,7262.878665
4340.0,256,7269.412234
4140.0,298,7276.672152
4610.0,322,7309.224157
3590.0,253,7315.736192
3040.0,298,7323.946846
4190.0,249,7330.794078
4240.0,297,7339.011487
4290.0,236,7345.507387
4290.0,242,7352.304048
3790.0,235,7359.011757
4190.0,254,7366.367231
3790.0,246,7373.450513
3890.0,231,7380.04436
3740.0,235,7386.900657
3540.0,475,7400.56536
4840.0,255,7407.906668
4790.0,255,7415.214279
3640.0,251,7422.372337
3690.0,248,7428.931952
4290.0,236,7434.941563
4290.0,236,7440.839136
4740.0,295,7448.338748
4290.0,234,7454.137791
4190.0,251,7460.440187
3790.0,251,7466.739799
4190.0,255,7472.962571
4340.0,256,7503.360821
4240.0,249,7509.869874
3690.0,239,7516.045341
3340.0,421,7527.069541
4340.0,233,7533.096539
4190.0,253,7539.822672
3940.0,293,7547.590455
4290.0,217,7553.230196
4340.0,229,7559.279469
4290.0,240,7565.604376
4290.0,237,7571.685903
4190.0,252,7578.222684
4290.0,238,7584.46118
4240.0,251,7591.065247
4290.0,243,7597.374137
4340.0,230,7603.308722
4340.0,231,7609.060844
4340.0,229,7615.164974
3440.0,289,7622.856528
3740.0,232,7628.74657
4340.0,231,7634.627867
3640.0,231,7640.477813
4140.0,291,7647.788512
4290.0,249,7654.132675
4340.0,227,7659.859669
4340.0,227,7689.672303
4340.0,228,7695.235004
4240.0,242,7700.974238
3840.0,231,7706.560163
3590.0,262,7712.52173
4290.0,242,7718.008646
4290.0,242,7723.622415
4190.0,250,7729.366371
3790.0,251,7735.621399
4240.0,255,7742.060237
4240.0,248,7748.787433
4290.0,241,7755.443497
3740.0,228,7761.670211
4190.0,255,7768.738496
3590.0,246,7775.397635
3390.0,294,7783.214958
4340.0,233,7789.415061
3740.0,229,7795.360025
4240.0,236,7801.655802
3690.0,237,7807.913134
4340.0,233,7814.131623
4240.0,256,7821.00213
4310.0,322,7829.335214
4290.0,243,7835.970963
3740.0,229,7842.201377
3640.0,251,7849.284833
3580.0,402,7888.359111
3540.0,275,7896.338959
3690.0,251,7903.714649
4340.0,233,7910.294454
4340.0,229,7915.941481
4340.0,227,7921.580847
4190.0,257,7928.019016
4290.0,256,7934.435779
4290.0,240,7940.471445
3790.0,234,7946.258826
3640.0,250,7952.463859
4240.0,250,7958.566214
4290.0,237,7964.193613
4740.0,282,7970.912536
3590.0,295,7977.639589
3690.0,235,7983.395715
4340.0,231,7989.17244
4190.0,254,7995.522791
4790.0,294,8002.483858
4290.0,243,8008.601386
3790.0,245,8014.64484
3590.0,244,8020.78378
4290.0,228,8026.577381
4340.0,232,8032.424778
4340.0,229,8038.129344
4340.0,232,8068.909275
3590.0,262,8075.517282
4340.0,231,8081.363968
3500.0,455,8092.832463
4180.0,442,8104.15439
3690.0,237,8110.3852
4890.0,237,8116.460959
4340.0,233,8122.343561
4290.0,237,8128.427134
4290.0,239,8133.793516
4140.0,297,8140.469737
4340.0,232,8145.69436
4290.0,240,8151.404272
4890.0,235,8157.25246
4340.0,227,8163.045178
4340.0,228,8168.737812
4290.0,239,8174.764414
4240.0,254,8181.178813
4340.0,228,8187.017228
4290.0,242,8193.040087
3840.0,242,8199.363029
4340.0,232,8205.569695
4290.0,240,8211.941292
3740.0,235,8218.812601
4340.0,233,8256.037591
3790.0,242,8262.972203
4290.0,239,8269.876563
4290.0,238,8276.749829
3840.0,238,8283.600556
4340.0,228,8290.135164
4340.0,233,8296.750741
3740.0,239,8303.596587
4290.0,237,8310.40188
3690.0,238,8317.209121
4060.0,324,8326.802204
4340.0,226,8332.782962
4340.0,233,8338.605501
4340.0,229,8344.295259
2660.0,371,8353.531053
4290.0,237,8359.521712
3640.0,260,8365.772983
4190.0,260,8371.831669
4340.0,231,8376.988873
3590.0,257,8382.191728
3790.0,245,8387.213399
3740.0,233,8392.050417
4290.0,239,8397.244222
4290.0,239,8402.721964
4240.0,251,8408.207059
4290.0,237,8437.106885
3840.0,233,8442.406191
4190.0,259,8448.452124
4290.0,241,8454.464243
3590.0,297,8461.968515
4340.0,234,8467.859164
4140.0,257,8474.33526
4340.0,231,8480.200722
3740.0,233,8486.067947
4290.0,241,8492.137866
4340.0,229,8497.997633
4340.0,228,8503.465217
4290.0,241,8509.332028
4290.0,241,8515.183758
4290.0,258,8521.352353
4240.0,271,8528.023838
4390.0,251,8534.043297
4340.0,230,8539.596937
3740.0,230,8545.420145
4340.0,232,8551.454796
4190.0,258,8558.268597
4190.0,257,8565.450884
4090.0,299,8574.342989
4290.0,238,8581.334778
4290.0,235,8588.288289
3740.0,233,8595.211308
4290.0,244,8628.661258
3840.0,235,8635.003317
3690.0,252,8641.878146
4290.0,241,8648.300216
4290.0,241,8654.852095
4290.0,239,8661.346801
4290.0,241,8667.575955
4190.0,254,8674.210098
4890.0,237,8680.385724
3690.0,240,8686.295997
4340.0,229,8691.790554
3840.0,232,8697.293539
4340.0,233,8702.876571
4290.0,258,8709.040506
4290.0,242,8715.497737
4340.0,232,8721.543254
3740.0,228,8727.470365
4340.0,226,8733.508909
4340.0,233,8739.338882
4340.0,231,8744.938924
4290.0,239,8750.679556
4240.0,251,8756.931722
4290.0,240,8763.104588
4290.0,235,8768.998722
4340.0,234,8774.962139
3440.0,280,8781.933946
4240.0,239,8813.680362
4290.0,240,8819.913218
4290.0,236,8826.156322
3740.0,235,8832.359118
3640.0,253,8838.904349
4290.0,230,8844.762255
4340.0,231,8850.788701
3840.0,232,8856.852285
4340.0,233,8862.923316
4340.0,230,8868.212158
4340.0,233,8873.395435
3640.0,256,8879.160541
3740.0,228,8884.275272
4290.0,243,8889.837685
4340.0,229,8895.083881
3640.0,245,8900.486613
3740.0,229,8905.725506
4340.0,230,8910.953543
3740.0,248,8916.596394
3840.0,231,8922.018626
4340.0,228,8927.550593
4240.0,252,8933.485704
4340.0,231,8938.886074
4290.0,243,8945.227375
4340.0,230,8951.226293
3790.0,243,8957.549006
4290.0,237,8963.772055
4290.0,229,8996.909906
3790.0,238,9003.606645
3990.0,355,9013.664283
3740.0,233,9020.224684
4240.0,248,9027.282386
4290.0,250,9034.552118
4290.0,237,9041.257881
4340.0,229,9047.39427
4290.0,239,9053.971315
3840.0,239,9060.564366
4340.0,228,9066.867327
3790.0,242,9073.564893
4290.0,240,9080.287701
4340.0,228,9086.575659
4290.0,239,9093.106035
4340.0,233,9099.534899
4240.0,246,9106.339808
4240.0,243,9112.175269
4340.0,230,9118.014542
3740.0,252,9124.354126
4340.0,232,9130.280875
4340.0,228,9136.300004
4290.0,244,9142.630363
4290.0,241,9148.572805
3840.0,234,9154.547291
4340.0,228,9159.773868
4240.0,242,9188.232895
4290.0,244,9193.899396
4340.0,233,9199.896476
3740.0,229,9205.709838
3780.0,452,9217.283732
3640.0,244,9223.390204
4290.0,233,9229.30037
3640.0,256,9235.945926
4290.0,242,9241.685037
3740.0,242,9247.643228
4290.0,240,9253.794973
4340.0,234,9259.705404
3740.0,250,9266.241952
4290.0,235,9272.641305
4340.0,232,9278.770966
4290.0,239,9284.937139
4340.0,231,9291.082299
4290.0,239,9297.4418
4340.0,227,9303.454807
3690.0,243,9309.771169
4340.0,229,9315.845222
4290.0,237,9322.164071
4290.0,235,9328.698969
3590.0,243,9335.345878
4290.0,243,9341.913924
4240.0,256,9375.345574
3690.0,240,9380.854418
3690.0,245,9386.564665
4290.0,238,9392.014573
3690.0,241,9397.776494
3690.0,242,9404.023529
4290.0,240,9410.07884
3740.0,232,9416.307652
3690.0,254,9423.500835
4290.0,247,9430.372276
3740.0,250,9437.027997
4290.0,240,9443.531073
3690.0,249,9450.233665
620.0,411,9461.288324
3690.0,237,9467.649745
4290.0,240,9474.083334
3590.0,263,9481.326524
4340.0,232,9487.716974
4340.0,228,9493.880617
3740.0,229,9500.274988
4290.0,241,9507.015807
3890.0,234,9513.861949
4340.0,227,9520.380125
4340.0,233,9527.006115
4240.0,241,9533.928351
4340.0,230,9540.404119
4290.0,239,9573.751362
4240.0,238,9579.751086
4290.0,240,9585.416191
4340.0,233,9590.532291
4340.0,234,9595.647952
4290.0,238,9600.452703
3740.0,234,9605.792238
3740.0,232,9611.184285
4290.0,242,9616.615682
4340.0,229,9622.000095
4240.0,249,9627.692259
4240.0,254,9633.596308
4790.0,256,9639.485693
3590.0,267,9645.500448
4340.0,234,9650.712065
3840.0,256,9656.610909
3840.0,236,9662.077775
4240.0,255,9668.126111
3840.0,238,9674.394182
4290.0,243,9680.831204
4290.0,241,9687.155521
4240.0,249,9693.692958
3840.0,236,9699.82408
4340.0,228,9705.96209
4340.0,231,9712.284188
4290.0,236,9718.609511
4290.0,239,9750.606013
3190.0,258,9757.376199
4340.0,228,9763.237126
3740.0,229,9769.198246
4340.0,228,9775.160264
4340.0,233,9781.201026
4340.0,234,9787.206304
4290.0,236,9792.92581
4240.0,253,9799.306217
4290.0,236,9805.183647
4290.0,236,9811.062225
4340.0,231,9816.842679
4340.0,229,9822.79476
4240.0,278,9829.38208
4340.0,229,9834.770754
3740.0,229,9840.086545
4340.0,232,9845.464033
4340.0,233,9851.05285
4240.0,254,9857.20342
3740.0,235,9862.891458
3690.0,243,9868.97454
4290.0,256,9875.42783
4340.0,232,9881.287377
4140.0,294,9888.677244
4290.0,240,9894.687009
4290.0,237,9900.655117
4290.0,236,9934.108666
4290.0,243,9940.982446
4340.0,231,9947.735484
4640.0,280,9956.032625
4340.0,231,9962.919573
4290.0,239,9969.974818
3740.0,228,9976.740367
4190.0,276,9984.839051
4340.0,227,9990.70525
4340.0,228,9996.753161
4240.0,253,10003.363248
4040.0,289,10010.840894
4340.0,227,10016.661208
4340.0,231,10022.698611
4290.0,238,10028.998572
4290.0,242,10035.263277
4290.0,241,10041.601037
4290.0,244,10047.541515
3740.0,229,10053.312209
4290.0,235,10059.17367
4340.0,233,10065.090431
4290.0,235,10071.172559
3100.0,495,10082.903203
3590.0,284,10089.438486
4200.0,460,10123.185524
3890.0,233,10128.432656
4290.0,237,10133.924846
4190.0,256,10139.859143
4140.0,257,10146.081085
4340.0,227,10151.44688
4340.0,230,10157.370644
3740.0,236,10163.585026
4340.0,232,10169.487982
3740.0,232,10175.462976
4340.0,229,10181.211744
4290.0,235,10187.218725
4390.0,257,10193.771043
4090.0,293,10201.126053
3740.0,230,10207.061584
4340.0,230,10212.737017
3640.0,236,10218.665161
4290.0,237,10224.805123
4290.0,241,10231.509421
4290.0,238,10238.103019
4340.0,228,10244.391268
4340.0,233,10250.975766
4340.0,230,10257.279652
4090.0,278,10264.976071
4290.0,244,10271.780045
4290.0,243,10278.401057
4240.0,242,10312.240461
4290.0,242,10318.43642
4290.0,243,10324.755053
4290.0,241,10330.974416
3740.0,234,10337.030055
4340.0,234,10343.140717
4240.0,255,10349.763448
4340.0,233,10355.862609
4290.0,243,10362.202047
4040.0,278,10369.467716
4340.0,229,10375.249917
3690.0,228,10380.936042
3740.0,237,10386.905491
4790.0,252,10393.45642
3740.0,235,10399.807148
4340.0,233,10405.718629
4340.0,229,10411.841801
4240.0,253,10418.492402
4290.0,240,10424.604819
4290.0,235,10430.577225
4290.0,235,10436.437299
4290.0,239,10442.721764
3810.0,332,10451.428357
3840.0,238,10457.655964
4340.0,227,10463.578776
4290.0,239,10469.806722
4290.0,241,10502.152034
4290.0,242,10508.507188
4140.0,286,10516.006414
4340.0,232,10521.805665
4290.0,235,10527.796394
3590.0,249,10534.090451
3690.0,238,10540.129576
4290.0,239,10546.19361
3740.0,233,10551.647766
4340.0,233,10556.687931
4240.0,253,10562.213655
4340.0,233,10567.194692
3840.0,234,10572.143616
4290.0,238,10577.307302
3740.0,232,10582.302674
4340.0,228,10587.311641
4290.0,241,10592.603321
3840.0,235,10597.784073
4240.0,256,10603.480941
3790.0,243,10608.703151
4340.0,230,10613.666332
3790.0,243,10619.185075
4340.0,232,10624.494255
4340.0,229,10630.306955
3320.0,403,10641.178436
3840.0,237,10648.307477
4290.0,243,10683.097939
4290.0,243,10690.262754
4340.0,230,10696.909705
4290.0,244,10704.135269
4340.0,233,10710.978611
4740.0,257,10718.594341
4290.0,240,10725.724069
3740.0,231,10732.406567
4240.0,246,10739.705288
4290.0,236,10746.626199
4340.0,226,10753.229369
4290.0,237,10759.693425
4340.0,232,10765.732645
4340.0,229,10771.656083
4290.0,236,10777.767651
3890.0,234,10783.643591
3840.0,236,10789.520457
4240.0,248,10795.558918
3890.0,234,10800.978759
4290.0,238,10806.308867
4240.0,252,10812.249454
3690.0,250,10818.344065
4340.0,230,10823.43763
3690.0,236,10828.828305
3790.0,250,10834.474314
3690.0,247,10839.960895
4290.0,239,10869.292001
4290.0,241,10875.604964
4290.0,238,10881.82985
4340.0,226,10887.731525
4340.0,232,10893.780705
3740.0,238,10900.0138
4340.0,233,10906.059169
4340.0,226,10912.038764
4340.0,232,10917.827363
4290.0,240,10923.883806
4340.0,230,10929.514197
4340.0,233,10935.219522
4340.0,227,10940.910768
4240.0,246,10947.006442
3740.0,231,10952.673708
4240.0,254,10959.009493
4340.0,230,10964.836203
4190.0,271,10971.781857
4290.0,243,10977.867363
3590.0,250,10984.18846
4340.0,229,10989.984117
4290.0,239,10995.91679
4240.0,242,11002.189147
3890.0,237,11008.360548
4640.0,281,11015.726092
3900.0,305,11023.434922
4340.0,292,11054.857729
3690.0,241,11060.96617
3790.0,234,11067.095048
4290.0,240,11073.298738
4340.0,237,11079.576267
4340.0,231,11085.788167
4290.0,238,11092.614574
3740.0,258,11100.003865
4290.0,241,11106.790601
3890.0,232,11113.485494
3740.0,250,11120.492007
4340.0,229,11126.859132
3790.0,242,11133.423694
4240.0,250,11140.393504
4290.0,236,11146.910977
3090.0,388,11157.497504
4190.0,293,11165.817746
4290.0,238,11172.564969
3790.0,243,11179.522991
4290.0,239,11186.366694
3690.0,238,11193.192873
4340.0,227,11199.577737
3740.0,231,11205.967336
4340.0,232,11212.380592
4340.0,229,11218.652775
4290.0,236,11225.06356
4340.0,228,11255.634659
4290.0,239,11260.980912
4340.0,227,11266.106298
4340.0,228,11271.245777
4290.0,239,11276.613679
4740.0,296,11282.873316
4290.0,241,11288.086647
4290.0,237,11293.124766
4290.0,237,11298.150135
4340.0,233,11303.149864
4290.0,242,11308.286908
4290.0,237,11313.405269
3740.0,228,11318.276508
4290.0,240,11323.386551
4290.0,238,11328.51689
3790.0,244,11333.985283
4340.0,228,11339.769099
4290.0,238,11346.12156
3740.0,242,11352.701848
3840.0,244,11359.410743
3690.0,242,11366.129373
4290.0,239,11372.671456
3760.0,409,11384.035184
2740.0,410,11395.304744
4290.0,236,11401.794028
4340.0,221,11434.440448
3740.0,232,11440.839182
4290.0,241,11447.138444
4290.0,237,11453.412226
4240.0,247,11459.85622
4290.0,236,11465.775659
3840.0,238,11471.792692
3740.0,231,11477.535935
4340.0,234,11483.509073
4290.0,241,11489.832626
4340.0,231,11495.965911
3740.0,231,11501.424372
4290.0,281,11508.104925
3740.0,229,11513.634192
4290.0,238,11519.480095
3740.0,236,11525.471216
3740.0,236,11531.475105
4290.0,244,11537.583836
4290.0,237,11543.766412
4290.0,243,11550.16887
4190.0,250,11556.557677
3840.0,235,11562.79393
4290.0,238,11569.043809
3540.0,293,11576.822503
4290.0,238,11583.593889
4290.0,241,11590.651756
4340.0,228,11624.24097
4340.0,230,11630.874166
3740.0,229,11637.43835
4340.0,230,11643.850439
4290.0,233,11650.40172
4240.0,246,11656.804535
3790.0,242,11662.520898
3790.0,241,11668.411624
4340.0,298,11675.506103
4340.0,234,11681.087921
3580.0,478,11692.758513
4290.0,242,11698.598395
4060.0,330,11706.678554
4240.0,254,11713.384928
3740.0,232,11719.5442
4290.0,240,11725.955986
4190.0,293,11733.691847
4290.0,239,11739.495831
3740.0,258,11745.709263
3740.0,235,11751.336967
4290.0,242,11757.131392
4890.0,236,11762.800206
3840.0,236,11768.414796
4290.0,240,11774.078131
4340.0,224,11803.828478
4290.0,238,11809.789524
2640.0,301,11817.7379
3740.0,230,11823.508035
4290.0,236,11829.439168
4290.0,238,11835.433616
4340.0,233,11841.287422
4220.0,452,11852.525963
3690.0,242,11858.537927
4290.0,236,11864.37247
4290.0,252,11870.740335
4840.0,258,11877.099898
3890.0,235,11882.974422
4340.0,234,11889.063175
4060.0,326,11897.254431
3720.0,504,11910.946768
3740.0,240,11917.443479
4340.0,230,11923.669996
4190.0,267,11930.974517
3840.0,236,11937.479322
4290.0,242,11944.157264
3740.0,229,11950.164416
3840.0,235,11956.129926
4340.0,232,11962.106275
4340.0,230,11991.280407
4340.0,227,11996.619087
4290.0,238,12002.087367
4340.0,227,12007.124795
4290.0,237,12012.866672
4290.0,243,12019.237312
4340.0,233,12025.516459
4240.0,253,12032.430201
3420.0,673,12051.091432
4340.0,233,12057.734884
4290.0,236,12064.424664
4290.0,237,12070.829911
3840.0,234,12076.955855
4290.0,245,12083.39148
4290.0,236,12089.779575
2900.0,360,12099.580624
4290.0,241,12106.169091
4290.0,242,12112.873056
3640.0,258,12119.937633
4290.0,243,12126.650346
4290.0,237,12133.223372
3840.0,235,12139.615228
4290.0,239,12145.793469
3740.0,254,12152.40954
4240.0,252,12183.986635
4090.0,288,12190.542116
3690.0,241,12195.97377
3890.0,235,12201.338567
4240.0,249,12206.599692
3740.0,233,12211.605322
4340.0,228,12216.527229
4340.0,230,12221.48565
4240.0,239,12226.558321
4340.0,226,12231.539233
4340.0,234,12236.613209
4240.0,240,12241.90659
4290.0,241,12247.345636
3790.0,245,12252.841873
4340.0,227,12257.981453
4290.0,243,12263.647237
3840.0,234,12269.652702
4340.0,232,12275.75694
4240.0,258,12282.515404
3740.0,234,12288.621873
4290.0,241,12294.945055
4290.0,241,12301.19763
4340.0,228,12307.129368
4290.0,242,12313.863398
4340.0,226,12320.292202
3590.0,266,12327.798582
4290.0,241,12361.562864
4340.0,228,12367.751152
3640.0,264,12375.017723
4190.0,295,12383.285033
3540.0,269,12390.364572
3690.0,246,12396.918024
3790.0,244,12403.714808
3640.0,292,12411.907894
4340.0,227,12418.176625
3200.0,505,12432.125495
4340.0,229,12438.088834
4240.0,233,12443.789784
3740.0,240,12449.790533
4290.0,236,12455.772729
4290.0,239,12461.969618
3740.0,239,12468.180902
4840.0,238,12474.42625
4290.0,242,12480.672243
4290.0,239,12487.123609
3740.0,237,12492.960614
4290.0,239,12498.838493
4240.0,252,12505.119514
4340.0,230,12510.827675
3740.0,237,12516.740337
4340.0,232,12522.473516
4290.0,237,12554.490627
4290.0,242,12560.636567
4340.0,228,12566.663301
4340.0,228,12572.377827
3840.0,235,12578.263994
4290.0,241,12584.318566
4340.0,229,12590.238434
4340.0,232,12595.905034
4340.0,229,12601.404535
4340.0,227,12606.84347
4290.0,243,12612.744825
4290.0,236,12618.465432
4340.0,233,12624.053606
4290.0,239,12629.792734
3740.0,228,12635.292592
4340.0,232,12640.999191
4340.0,227,12646.471984
4290.0,241,12652.225888
4340.0,232,12657.943947
4190.0,256,12664.391249
3740.0,237,12670.305785
4240.0,246,12676.437427
4240.0,251,12682.75266
4240.0,231,12688.138543
3740.0,235,12693.584607
3840.0,234,12698.863613
4290.0,227,12703.99193
4340.0,229,12733.790051
4240.0,247,12740.131844
3840.0,237,12746.68203
3740.0,233,12753.000601
4290.0,236,12759.354357
4340.0,227,12765.932146
4340.0,232,12772.471616
4290.0,236,12779.361261
4340.0,356,12789.505942
4340.0,236,12796.211464
4340.0,228,12802.616035
4290.0,242,12809.436741
3590.0,234,12816.038875
4290.0,239,12822.897341
3740.0,230,12829.403407
3840.0,236,12835.831137
4340.0,234,12842.524333
4340.0,228,12849.051881
4340.0,233,12855.64121
4290.0,237,12862.374186
4340.0,232,12869.039193
3590.0,266,12876.589219
4290.0,237,12883.338733
3640.0,241,12889.943763
4290.0,241,12896.514603
4340.0,226,12902.628432
3840.0,235,12933.545358
4340.0,234,12938.755745
4340.0,234,12944.139075
3740.0,236,12949.637877
4290.0,241,12955.298992
4290.0,243,12960.7879
4340.0,226,12966.022581
4340.0,228,12971.264643
4290.0,244,12976.794697
4290.0,239,12982.101691
3740.0,233,12987.443556
3690.0,254,12993.170045
4290.0,241,12998.755569
4840.0,297,13005.504056
4290.0,240,13010.80372
3740.0,228,13015.958897
4340.0,228,13021.466288
4340.0,232,13027.230562
4290.0,243,13033.588133
4340.0,227,13039.476698
4340.0,230,13045.559973
4290.0,239,13051.669622
4290.0,242,13057.666497
4290.0,241,13063.759251
4340.0,227,13069.390836
3840.0,245,13075.504278
4290.0,240,13106.691772
4190.0,261,13113.454792
4290.0,241,13119.772135
3890.0,232,13125.703086
3740.0,231,13131.74731
4290.0,239,13138.08622
3760.0,326,13146.047217
4290.0,229,13151.628954
4340.0,229,13157.643081
3690.0,236,13163.856697
4340.0,229,13169.888902
3840.0,234,13175.866733
4290.0,236,13181.61799
4640.0,293,13188.932609
4290.0,237,13194.771977
4340.0,232,13200.352556
4290.0,238,13206.374396
4340.0,229,13212.392624
3690.0,240,13218.576742
3840.0,238,13224.724614
4290.0,235,13230.459628
4340.0,233,13236.411857
4290.0,239,13242.591363
3790.0,242,13248.971431
4340.0,230,13255.004971
4340.0,229,13260.916187
4340.0,226,13266.690199
3240.0,458,13306.463596
4290.0,235,13312.899956
3490.0,278,13320.561558
4340.0,232,13326.32644
3790.0,248,13332.592251
3740.0,231,13338.43797
2740.0,390,13348.386376
3740.0,251,13354.357395
3740.0,240,13360.029337
4240.0,241,13365.872484
4340.0,231,13371.501317
4290.0,230,13376.996533
4340.0,222,13382.411813
4340.0,229,13387.959748
3990.0,380,13397.148834
4340.0,231,13402.894497
3740.0,253,13409.233085
4290.0,239,13415.243318
4240.0,245,13421.53944
4340.0,233,13427.001348
3740.0,234,13432.409757
4290.0,240,13438.062573
3840.0,236,13443.557264
3640.0,243,13449.395167
4290.0,243,13480.612261
4340.0,234,13486.509159
3740.0,234,13492.332592
4290.0,240,13498.300023
4290.0,241,13504.151711
3690.0,245,13509.997463
3740.0,235,13515.71888
3860.0,327,13524.142685
3740.0,230,13529.89156
3740.0,239,13535.877377
3740.0,231,13541.650835
3740.0,237,13547.661569
3640.0,250,13554.010369
3740.0,245,13560.133797
3740.0,236,13566.402478
4790.0,289,13573.935043
4290.0,241,13580.345662
4290.0,240,13586.818977
3690.0,232,13593.232254
3740.0,229,13599.599747
4290.0,242,13606.305554
4890.0,236,13612.960935
3740.0,238,13619.692515
3740.0,235,13626.209739
4290.0,239,13632.820714
4340.0,228,13639.156119
4340.0,227,13672.045517
4340.0,230,13678.566284
4240.0,252,13685.036108
4290.0,244,13691.304572
3690.0,240,13697.616869
3740.0,238,13703.860862
3840.0,239,13710.108815
4290.0,242,13716.174418
4290.0,242,13722.372366
4290.0,240,13728.359335
4340.0,233,13734.120507
4240.0,237,13740.071141
4290.0,239,13745.442416
3740.0,231,13750.403593
4290.0,242,13755.7297
4340.0,234,13761.013364
3740.0,229,13766.211066
3740.0,233,13771.792315
3740.0,240,13777.927788
4340.0,229,13783.678721
4290.0,242,13789.772923
4290.0,242,13796.037669
3740.0,231,13802.059647
4340.0,228,13808.034585
3840.0,458,13820.029927
4340.0,234,13851.093477
4290.0,240,13857.403264
3790.0,234,13863.45224
3840.0,235,13869.516813
3790.0,242,13875.785984
3840.0,235,13881.811991
4290.0,239,13888.024971
4340.0,232,13894.167356
4340.0,229,13900.042531
4290.0,240,13906.259325
3840.0,237,13912.445457
3840.0,250,13918.873196
3790.0,239,13924.872658
3840.0,235,13930.151338
4340.0,234,13935.529732
3790.0,247,13941.428838
3840.0,241,13947.178992
4340.0,221,13952.374025
4340.0,234,13957.978018
4340.0,232,13963.406322
4340.0,228,13968.749367
3740.0,232,13974.203467
3740.0,232,13979.665469
4190.0,280,13986.435616
4340.0,231,13992.102731
4290.0,240,13998.128842
3690.0,246,14004.223555
4340.0,227,14036.912312
3740.0,231,14043.240799
3690.0,238,14049.720158
4340.0,228,14055.656548
4290.0,240,14062.02757
4340.0,228,14068.043538
3890.0,243,14074.412211
4340.0,231,14080.507958
4340.0,234,14086.69317
4240.0,236,14092.837906
4290.0,241,14099.142128
4290.0,239,14105.442093
4290.0,238,14111.657574
3740.0,242,14118.029412
4940.0,282,14125.783716
4290.0,240,14132.622926
3740.0,233,14139.237247
4340.0,229,14145.820949
4340.0,228,14152.510412
3590.0,292,14160.592193
3640.0,249,14167.394083
4340.0,230,14173.580876
4290.0,243,14180.205963
4340.0,234,14186.014807
4290.0,239,14191.944195
4290.0,239,14197.824867
4340.0,230,14227.90936
4340.0,232,14233.598743
3690.0,250,14239.427483
4290.0,240,14245.15796
3740.0,239,14250.733505
4290.0,240,14256.686248
3740.0,234,14262.396158
3840.0,237,14268.375468
4340.0,227,14273.676527
3690.0,252,14279.740536
4340.0,232,14285.351184
3690.0,232,14290.891745
4290.0,241,14296.61189
4340.0,233,14302.124298
4340.0,227,14307.511451
4340.0,230,14313.133837
4290.0,237,14319.103894
4290.0,242,14325.161844
3840.0,235,14331.036938
4390.0,249,14337.251182
4290.0,240,14343.350238
4290.0,244,14349.231409
4290.0,239,14355.060702
3760.0,478,14367.224057
4290.0,238,14373.197722
3690.0,244,14379.233921
3840.0,237,14409.902308
4340.0,229,14415.913715
4290.0,241,14422.244993
3640.0,270,14429.081374
4340.0,233,14434.901381
4340.0,231,14440.676787
4340.0,232,14446.486585
4290.0,242,14452.426085
4290.0,239,14458.051544
4340.0,233,14464.241934
4340.0,229,14470.33937
4290.0,239,14476.669626
4340.0,233,14482.895473
4340.0,228,14488.965543
4340.0,227,14495.114471
4840.0,256,14502.238362
3840.0,235,14508.633899
4390.0,250,14515.557309
4290.0,235,14522.120318
4340.0,228,14528.559796
4290.0,243,14535.378854
3590.0,254,14542.665442
4290.0,241,14549.547481
4190.0,257,14556.914723
4290.0,238,14563.748703
4340.0,232,14570.275671
4340.0,241,14603.245065
4340.0,232,14609.549412
4340.0,229,14615.828752
4340.0,227,14622.000308
4340.0,231,14627.609672
4290.0,236,14633.224127
4840.0,279,14639.842993
4290.0,237,14645.234716
4240.0,237,14650.499336
4290.0,239,14655.977119
4290.0,242,14661.367133
4290.0,243,14666.849365
4340.0,229,14671.958694
3840.0,238,14677.242742
4340.0,234,14682.470114
4340.0,231,14687.435832
4340.0,229,14692.25929
4290.0,239,14697.418009
4290.0,239,14702.520627
3740.0,228,14707.56567
4340.0,233,14713.066678
3840.0,234,14718.663453
3790.0,242,14724.451511
4340.0,233,14730.206225
4340.0,228,14735.943549
3740.0,234,14741.813357
3840.0,237,14747.803091
4290.0,243,14778.5822
4340.0,232,14784.348135
4290.0,241,14790.356174
3840.0,236,14796.187122
3740.0,230,14801.926162
3790.0,242,14808.01118
4340.0,234,14814.074985
4290.0,242,14820.877236
4290.0,239,14827.747895
3740.0,233,14834.39905
4240.0,242,14841.100394
4340.0,228,14847.552609
3640.0,255,14854.757866
4290.0,238,14861.522073
3690.0,240,14867.668705
4290.0,241,14873.920719
4340.0,229,14880.022632
4190.0,277,14887.215418
3740.0,230,14893.19172
4290.0,237,14899.512739
4340.0,268,14906.561549
4290.0,240,14912.779477
3740.0,237,14919.03303
4290.0,236,14925.254609
4340.0,229,14931.410181
4340.0,233,14937.945486
4340.0,234,14972.16327
4240.0,255,14979.238747
3690.0,233,14985.655928
4340.0,228,14991.867751
4340.0,229,14997.461985
4340.0,253,15003.871874
4340.0,230,15009.688758
3840.0,234,15015.661151
3740.0,240,15021.702383
4290.0,243,15027.93293
4340.0,233,15033.922684
3740.0,239,15039.941022
3540.0,254,15046.208408
3740.0,234,15051.818251
4340.0,230,15057.351468
4290.0,239,15063.426341
4340.0,232,15069.177953
4340.0,257,15075.701672
3640.0,249,15081.948942
4240.0,280,15089.088097
4290.0,240,15094.611057
4240.0,254,15100.411715
3740.0,229,15105.554535
4340.0,233,15110.728331
4290.0,242,15116.29981
4290.0,235,15121.899856
4290.0,241,15151.509922
4340.0,227,15156.855094
3740.0,234,15162.139619
4340.0,233,15167.598581
4290.0,239,15173.666866
4340.0,229,15179.468978
4290.0,241,15185.595431
4340.0,232,15191.548523
3690.0,235,15197.702127
4340.0,227,15203.577762
4340.0,228,15209.559258
4290.0,239,15215.817477
3840.0,237,15222.041174
3590.0,269,15228.898443
3740.0,237,15234.961207
3740.0,230,15241.294771
3740.0,230,15247.664162
3740.0,233,15254.07402
4290.0,237,15260.598773
4340.0,233,15267.106761
4290.0,238,15273.570274
3840.0,235,15280.073493
3840.0,236,15286.464397
3590.0,259,15293.5553
3690.0,242,15300.299211
4940.0,227,15306.730546
4340.0,228,15313.276906
4340.0,228,15346.89451
4290.0,239,15353.255776
4290.0,256,15360.068958
4340.0,234,15366.218688
4290.0,235,15372.440547
4290.0,241,15378.783013
4240.0,245,15385.149331
3740.0,235,15391.263654
3740.0,232,15397.32544
3740.0,244,15403.710879
3740.0,236,15409.889918
4290.0,240,15415.24011
4290.0,240,15420.642458
3840.0,242,15426.534893
4340.0,229,15432.051065
4290.0,238,15437.799126
4340.0,234,15443.357102
4240.0,239,15449.207482
4340.0,228,15454.722708
4340.0,232,15460.400318
4290.0,239,15466.157122
4340.0,228,15471.650198
4340.0,228,15477.205228
4340.0,228,15482.606207
4290.0,238,15488.351611
4340.0,232,15494.203403
4290.0,223,15500.020047
4340.0,227,15531.528438
4340.0,226,15537.459733
4340.0,227,15543.198378
4440.0,252,15550.031342
4340.0,228,15556.071302
3690.0,239,15562.097244
3840.0,236,15568.278517
3690.0,243,15574.545445
3740.0,240,15580.258857
4290.0,241,15585.893275
4340.0,228,15591.119454
4290.0,240,15596.716896
4340.0,232,15602.058636
4340.0,227,15607.505141
4340.0,228,15612.527925
3740.0,228,15617.647312
4290.0,245,15623.188156
3790.0,251,15629.023164
3740.0,234,15634.25397
3890.0,234,15639.545279
4340.0,233,15644.863752
3840.0,235,15650.89818
3790.0,244,15657.764654
4290.0,239,15664.309439
4340.0,233,15670.395982
4340.0,233,15676.539324
4290.0,236,15682.831846
4340.0,230,15716.128848
4340.0,228,15722.669829
3740.0,236,15729.426589
4340.0,231,15736.026952
3790.0,243,15742.840406
3840.0,236,15749.57121
4340.0,228,15756.122358
4340.0,230,15762.594607
4290.0,239,15769.201293
4340.0,230,15775.648193
3740.0,233,15782.295493
4290.0,239,15789.192765
4340.0,233,15795.857358
4290.0,235,15802.587955
4340.0,228,15808.976533
3890.0,233,15815.572054
4290.0,239,15821.751543
3840.0,235,15827.509282
3660.0,449,15837.278715
4340.0,230,15842.205196
3840.0,238,15847.420853
3790.0,237,15852.509093
4340.0,233,15857.56341
3740.0,230,15862.403725
4340.0,232,15867.355508
3790.0,244,15872.605309
4290.0,242,15902.590579
3690.0,246,15908.981654
4340.0,233,15915.166685
4290.0,236,15921.296839
4290.0,239,15927.616335
3640.0,297,15935.602046
3740.0,256,15942.554838
4240.0,236,15948.888775
3840.0,234,15955.297365
3840.0,235,15961.606694
4340.0,232,15967.871554
4290.0,239,15974.393695
4340.0,227,15980.589534
4290.0,239,15986.975156
3840.0,239,15993.511618
4490.0,231,15999.617947
4340.0,228,16005.816948
3590.0,381,16015.606862
3840.0,236,16021.582898
4340.0,228,16027.182545
4340.0,228,16032.864351
4290.0,241,16038.757803
4340.0,230,16044.540083
4290.0,236,16050.192088
4340.0,227,16054.877175
4290.0,239,16084.602502
4290.0,242,16090.613449
4290.0,236,16096.523432
4340.0,233,16102.31356
3740.0,232,16108.131337
4190.0,253,16114.378855
3690.0,251,16120.621575
3640.0,251,16126.976904
4290.0,241,16133.651916
4290.0,238,16140.128346
3690.0,230,16146.533451
4290.0,237,16153.076269
3640.0,246,16159.965747
3840.0,235,16166.561259
4340.0,233,16173.179201
3840.0,234,16179.834724
3890.0,238,16186.628049
4290.0,236,16193.320859
3840.0,243,16199.880906
3740.0,238,16206.335861
4340.0,229,16212.526919
4340.0,231,16218.928977
4190.0,292,16226.955123
3840.0,242,16233.555978
3840.0,238,16240.061702
4190.0,254,16246.630318
4340.0,226,16252.639692
3740.0,230,16284.827583
3840.0,236,16291.075059
3840.0,236,16296.70197
3740.0,236,16302.372911
3840.0,234,16308.06661
3790.0,242,16313.805391
4340.0,228,16319.197036
4290.0,239,16324.85133
3690.0,235,16330.444201
3690.0,246,16336.24639
4340.0,233,16341.927794
4790.0,291,16348.788146
3840.0,238,16354.470301
4340.0,234,16360.039192
4340.0,230,16365.31717
3840.0,238,16370.940005
3690.0,236,16376.892518
3840.0,242,16383.035776
3890.0,233,16388.595375
3840.0,242,16394.543437
4290.0,239,16400.384526
4340.0,227,16405.966182
3740.0,230,16411.772971
3740.0,235,16417.711083
3890.0,238,16423.668242
3140.0,409,16459.457932
4340.0,231,16465.427185
3890.0,236,16471.51463
4290.0,243,16477.83355
3690.0,236,16484.100445
4240.0,246,16491.129688
4340.0,228,16497.614179
3740.0,245,16504.629568
4290.0,236,16511.373526
4340.0,227,16517.781272
4290.0,242,16524.492551
3690.0,238,16530.290777
3690.0,267,16536.972083
3740.0,238,16542.977015
4290.0,238,16548.889435
3740.0,232,16554.704971
3890.0,232,16560.507067
3840.0,237,16566.2384
4240.0,236,16571.886763
4160.0,330,16579.932031
4340.0,228,16585.294245
4340.0,233,16591.047381
3640.0,239,16596.941336
3890.0,235,16602.846332
4340.0,232,16609.256629
3840.0,235,16615.679991
4340.0,233,16622.053734
4340.0,279,16657.893887
4240.0,277,16665.36508
3840.0,234,16671.814659
3840.0,240,16678.26779
3740.0,235,16684.571689
4340.0,230,16690.761931
3890.0,239,16697.268975
4340.0,231,16703.567399
3790.0,245,16710.247632
4290.0,240,16716.78255
4340.0,232,16723.046171
3890.0,233,16729.010019
4290.0,296,16736.71347
4290.0,237,16742.733094
3840.0,235,16748.490603
4290.0,237,16754.095396
4340.0,232,16759.37673
3840.0,251,16765.358228
4340.0,228,16769.52687
3740.0,235,16774.069113
4340.0,233,16779.005524
3740.0,229,16783.894315
4290.0,238,16788.544064
3840.0,241,16793.156643
3840.0,240,16798.119513
3890.0,233,16802.698991
4340.0,232,16829.688112
3840.0,238,16835.132513
3740.0,231,16840.638145
4340.0,227,16846.057281
4340.0,231,16851.492883
3740.0,231,16857.419746
3890.0,232,16863.474824
3890.0,257,16870.211721
3890.0,232,16876.311504
4290.0,241,16882.661712
3740.0,259,16889.350559
3690.0,237,16895.750305
3840.0,236,16902.4944
4290.0,238,16909.259059
3840.0,238,16916.082062
4190.0,255,16923.343458
3690.0,254,16930.606882
4240.0,252,16937.8192
3790.0,255,16945.447018
4340.0,233,16952.318431
3790.0,247,16959.503272
3640.0,243,16966.15895
4290.0,241,16972.835353
3840.0,246,16979.712673
4290.0,237,16986.271342
3790.0,244,16992.970745
4290.0,242,17025.73032
4290.0,237,17031.639328
3140.0,266,17038.381248
3640.0,233,17044.28615
3790.0,253,17050.554909
3890.0,233,17056.433218
3840.0,240,17062.263263
3940.0,377,17071.819187
3540.0,248,17077.467267
4190.0,254,17083.517277
4290.0,235,17089.00411
4290.0,240,17094.683263
4340.0,228,17100.070094
3890.0,240,17105.840618
3890.0,234,17111.393132
3190.0,242,17117.266038
3840.0,242,17123.507406
3840.0,237,17129.686161
4340.0,228,17135.74012
3790.0,246,17142.195001
4340.0,228,17148.261465
4790.0,252,17154.847147
3890.0,232,17160.985935
4340.0,233,17167.129338
3890.0,239,17173.359886
3840.0,257,17204.324795
3840.0,239,17210.122014
3840.0,237,17215.901042
4340.0,228,17221.313109
4290.0,242,17227.177443
4340.0,229,17232.661019
3890.0,232,17238.341025
4340.0,269,17244.874739
4340.0,228,17250.439705
4340.0,229,17256.175543
3840.0,236,17262.147262
3840.0,235,17268.036863
4340.0,233,17273.301682
4340.0,226,17278.362697
4290.0,235,17283.687915
4340.0,228,17289.102312
3840.0,241,17294.896632
4290.0,240,17300.814387
3590.0,254,17307.061353
3590.0,253,17313.495303
3740.0,229,17319.642709
4340.0,226,17325.691563
4390.0,282,17333.435329
3840.0,235,17339.77939
3490.0,377,17349.966403
4240.0,239,17356.431057
3190.0,252,17394.132092
3740.0,228,17400.646568
4290.0,239,17407.348089
4340.0,234,17414.020637
3840.0,237,17420.182728
4290.0,240,17426.600595
3890.0,235,17432.896156
4890.0,229,17438.931831
4340.0,228,17444.91383
3840.0,238,17451.26264
3740.0,234,17457.341185
3800.0,510,17471.241684
3840.0,234,17477.678844
4240.0,233,17484.053367
4340.0,230,17490.3823
4340.0,228,17495.907116
4290.0,237,17501.860517
3790.0,245,17508.068689
3840.0,238,17514.047777
3890.0,234,17519.809838
3840.0,235,17525.113735
3840.0,232,17530.45289
3840.0,237,17535.703562
4390.0,236,17541.168916
3840.0,237,17546.790192
3890.0,233,17552.220983
3840.0,237,17581.659681
3890.0,234,17587.061332
3890.0,232,17592.842531
3040.0,263,17599.389798
4440.0,234,17605.178301
3790.0,243,17611.197245
3890.0,232,17617.033028
3840.0,242,17623.02987
3840.0,234,17628.78506
4340.0,228,17634.493652
3890.0,234,17640.596741
3890.0,232,17646.486582
3840.0,236,17652.454437
3840.0,237,17658.515717
3840.0,235,17664.625273
4290.0,242,17670.98389
3840.0,238,17677.260538
4340.0,227,17683.20514
4340.0,229,17689.19809
4290.0,239,17695.477515
4290.0,241,17701.763032
3890.0,232,17707.88327
3790.0,247,17714.35271
3690.0,239,17720.68023
3790.0,236,17726.816532
4290.0,239,17733.307173
3890.0,232,17766.546538
3840.0,237,17772.69118
3890.0,234,17778.629189
3840.0,235,17784.536141
3840.0,237,17790.471129
3890.0,232,17796.358676
3840.0,241,17802.471988
3840.0,234,17808.289617
3840.0,237,17814.256592
4240.0,235,17820.103809
3390.0,388,17829.735713
4290.0,239,17835.658087
3840.0,236,17841.842708
3840.0,236,17848.304286
3840.0,235,17854.740916
3790.0,243,17861.324335
3890.0,241,17867.910661
4290.0,239,17874.491637
3790.0,244,17881.214354
3890.0,233,17887.665455
3840.0,236,17894.32049
3840.0,236,17900.849367
4290.0,237,17907.001106
3290.0,233,17912.856076
3890.0,232,17918.766138
4390.0,245,17924.834235
4090.0,262,17955.659198
3840.0,239,17961.552678
3840.0,237,17967.00593
3890.0,234,17972.595862
4440.0,237,17978.117747
3540.0,292,17984.90944
3840.0,235,17990.4896
3840.0,237,17995.819978
3840.0,236,18001.299071
3690.0,263,18007.535583
3840.0,237,18013.218682
3840.0,236,18018.815927
3790.0,245,18024.766648
3890.0,232,18030.260246
3140.0,281,18036.92632
4340.0,229,18042.331811
3840.0,237,18047.964651
3840.0,239,18053.687059
3840.0,236,18059.527972
3840.0,235,18065.394378
3840.0,237,18071.254596
3840.0,236,18076.995908
3740.0,255,18083.047514
3840.0,237,18088.697876
3840.0,234,18094.145355
3790.0,297,18101.957675
3790.0,246,18134.028718
3840.0,235,18139.892102
3890.0,232,18146.238311
3840.0,239,18152.751257
3240.0,247,18159.552086
3890.0,234,18166.113654
3890.0,232,18172.342504
3840.0,237,18178.477151
3890.0,233,18184.415059
4440.0,256,18191.031286
3890.0,232,18197.148869
3840.0,236,18203.204518
3840.0,237,18209.459721
3840.0,241,18215.756914
3890.0,231,18221.737137
3790.0,244,18228.094603
3840.0,235,18234.324166
3890.0,234,18240.380381
3890.0,234,18246.626511
3840.0,261,18253.273203
3740.0,231,18258.752721
3640.0,240,18264.449142
3840.0,234,18269.854732
3890.0,232,18275.339691
3790.0,250,18281.334596
3840.0,236,18287.101274
3890.0,231,18292.68312
3890.0,234,18321.019151
3890.0,233,18326.445251
3890.0,234,18332.057978
3890.0,232,18337.696022
3890.0,232,18343.271431
3840.0,239,18348.959218
3840.0,237,18354.655059
3890.0,231,18360.263765
3790.0,246,18366.19013
3840.0,239,18371.973774
3890.0,232,18377.766773
3840.0,237,18383.454544
3890.0,233,18389.176034
3740.0,260,18395.522282
3840.0,237,18401.154521
3740.0,251,18407.068359
3840.0,237,18412.722576
3890.0,233,18418.296977
3840.0,242,18424.127498
3890.0,234,18429.803611
3890.0,234,18435.699862
3840.0,236,18441.292535
3740.0,240,18446.991124
3890.0,234,18452.562683
3640.0,260,18458.780652
3840.0,236,18464.398306
3840.0,234,18492.02743
3890.0,233,18497.069429
3890.0,233,18502.105271
3740.0,231,18507.15674
3840.0,237,18512.280312
3840.0,235,18517.362926
3890.0,234,18522.447117
3890.0,233,18527.342724
3840.0,241,18532.325753
3890.0,234,18537.427512
3840.0,235,18542.918031
3840.0,235,18548.209885
3840.0,235,18553.586592
3840.0,235,18558.872946
3840.0,234,18564.211681
3640.0,413,18574.244534
3840.0,235,18580.1863
3890.0,233,18586.073586
3890.0,233,18591.830173
3840.0,239,18597.917729
3240.0,246,18604.077882
3590.0,289,18611.277313
3840.0,238,18617.329376
3890.0,233,18623.220137
3890.0,231,18629.037895
3840.0,234,18634.897665
3840.0,239,18667.26773
3840.0,236,18673.665807
3840.0,238,18680.183137
3840.0,237,18686.62963
3840.0,237,18693.003584
3890.0,234,18699.401821
3890.0,234,18705.411592
3840.0,237,18711.283755
3890.0,234,18717.106322
3040.0,496,18729.236135
3890.0,233,18734.526867
3840.0,235,18739.749829
3890.0,232,18744.987489
3840.0,238,18750.340399
3840.0,234,18755.277457
3840.0,238,18760.511356
4340.0,232,18765.519703
3840.0,241,18770.509117
3840.0,234,18775.423388
3840.0,235,18780.349616
3890.0,231,18785.132127
3890.0,234,18789.901928
4390.0,253,18795.09176
3790.0,273,18800.815966
3890.0,234,18805.700386
4290.0,242,18833.339703
3840.0,237,18838.703376
3840.0,239,18844.00134
3240.0,240,18849.533251
3840.0,232,18854.844337
3890.0,233,18860.214877
4340.0,229,18865.420721
3890.0,235,18871.043115
3840.0,235,18876.635092
3840.0,238,18882.276328
3840.0,236,18887.740407
3840.0,234,18893.300124
3840.0,234,18898.865697
3890.0,233,18904.419732
3840.0,239,18910.16875
3840.0,238,18915.828346
3840.0,237,18921.389413
3840.0,236,18927.061693
3840.0,236,18933.035599
2990.0,299,18940.89248
3890.0,233,18946.978141
3890.0,233,18953.122696
3840.0,234,18958.870285
3890.0,234,18964.458349
3890.0,232,18969.93077
3840.0,238,18975.537766
3890.0,232,18981.104477
3840.0,235,19010.743906
3840.0,234,19016.355112
3890.0,235,19021.903935
3840.0,236,19027.516974
3840.0,234,19033.029725
3890.0,233,19038.559898
3840.0,237,19044.739976
3840.0,236,19050.899187
3840.0,236,19057.01895
3890.0,232,19063.212002
3840.0,237,19069.330793
3840.0,235,19075.588241
3840.0,237,19081.750599
3840.0,242,19088.086793
3840.0,236,19094.360719
4290.0,236,19099.909588
3840.0,241,19105.617407
3890.0,234,19111.315282
3840.0,238,19117.066168
3840.0,237,19122.72069
3840.0,235,19128.269937
3840.0,237,19133.640046
3890.0,232,19138.81544
3890.0,233,19143.983507
3840.0,240,19149.357172
3840.0,235,19154.543753
